{
    "camera_matrix": [
        [
            1141.942101707882,
            0.0,
            929.4568283869036
        ],
        [
            0.0,
            1137.7766786215502,
            558.587453269415
        ],
        [
            0.0,
            0.0,
            1.0
        ]
    ],
    "distortion_coefficients": [
        [
            0.07816948726650697,
            0.020510835317008327,
            0.0023206944861505424,
            0.00010182675540429354,
            -0.13354414288807778
        ]
    ]
}